id;nome;sobrenome;nascimento;documento;lesao;situacao;uso;nome_dependente;nascimento_dependente;telefone;facebook;instagram;termo;treinamento;foto_doc;foto_doc_content_type;foto_com_doc;foto_com_doc_content_type
1;Buckinghamshire transmitting;multimedia;2022-05-24;18239;SEM_LESAO;PERMANTENTE;PROPRIO;Kids;2022-05-24;Soft Internal Leone;transmitting Ohio;convergence COM Steel;true;false;../fake-data/blob/hipster.png;image/png;../fake-data/blob/hipster.png;image/png
2;user-centric;Intelligent;2022-05-25;64792;SEM_LESAO;TEMPORARIA;DEPENDENTE;cross-platform Automotive Run;2022-05-24;proactive Money morph;withdrawal empower microchip;connect interactive secured;true;true;../fake-data/blob/hipster.png;image/png;../fake-data/blob/hipster.png;image/png
3;Corporate Research Gloves;payment;2022-05-25;76075;PARAPLEGIA;PERMANTENTE;PROPRIO;Intuitive;2022-05-25;Beauty International Romania;bandwidth Division;demand-driven methodology;true;true;../fake-data/blob/hipster.png;image/png;../fake-data/blob/hipster.png;image/png
4;CSS;Refined Uganda;2022-05-24;76384;AMPUTADO;TEMPORARIA;DEPENDENTE;Hat Alabama Checking;2022-05-25;Buckinghamshire;customized;withdrawal Ways;true;false;../fake-data/blob/hipster.png;image/png;../fake-data/blob/hipster.png;image/png
5;infomediaries input;Plastic;2022-05-25;15434;LESAO_TEMPORARIA;TEMPORARIA;PROPRIO;Fantastic Cambridgeshire Checking;2022-05-25;web-readiness redundant Engineer;optical cyan;input Dynamic Fresh;false;true;../fake-data/blob/hipster.png;image/png;../fake-data/blob/hipster.png;image/png
6;Jersey Indiana systemic;Designer Borders;2022-05-24;22535;SEM_LESAO;PERMANTENTE;PROPRIO;markets Credit;2022-05-24;firewall backing;global;Louisiana Tasty;false;false;../fake-data/blob/hipster.png;image/png;../fake-data/blob/hipster.png;image/png
7;algorithm Personal;Re-contextualized hard Beauty;2022-05-24;19772;MOBILIDADE_REDUZIDA;TEMPORARIA;DEPENDENTE;Bolivia;2022-05-24;partnerships markets;District Grocery synergize;Diverse invoice;false;true;../fake-data/blob/hipster.png;image/png;../fake-data/blob/hipster.png;image/png
8;Bacon;Berkshire Greens;2022-05-24;9219;AMPUTADO;TEMPORARIA;DEPENDENTE;Wooden Usability;2022-05-24;Representative program;SDD markets;Interactions;true;false;../fake-data/blob/hipster.png;image/png;../fake-data/blob/hipster.png;image/png
9;Lari vortals Liberia;e-services Lodge backing;2022-05-24;82491;OUTRO;PERMANTENTE;PROPRIO;utilize content-based Row;2022-05-24;Cheese bluetooth;aggregate Grocery;Uruguay array;false;true;../fake-data/blob/hipster.png;image/png;../fake-data/blob/hipster.png;image/png
10;Loan Maine;Bacon;2022-05-25;58458;TETRAPLEGIA;TEMPORARIA;PROPRIO;invoice Cheese;2022-05-25;capacitor;Open-architected;Virginia;false;false;../fake-data/blob/hipster.png;image/png;../fake-data/blob/hipster.png;image/png
